id,amount
0,9.999999999999999e+20
1,10000
2,-13021.759999999997
3,42099.99999999996
4,746420.0
5,-1400.0
6,100
7,2683815.5
8,80361.40820000018
9,72309.91999999987
10,-7000.0
11,-1107.680000000001
12,1000
