id,amount,months,months_counter,sum_total
0,9.999999999999993e+20,12,6,0.0
1,10000,12,6,0.0
2,0,12,6,75000.0
3,-41458.33333333334,12,-54,14291.666666666668
4,428541.66666666686,12,-54,14291.666666666668
5,0,12,6,10000.0
6,100,12,6,0.0
7,1952361.1111111112,12,-54,9527.77777777778
8,14270.833333333336,12,-54,7145.833333333334
9,54166.63000000002,12,6,200000.0
10,0,12,6,50000.0
11,0,12,6,8000.0
12,1000,12,6,0.0
